"filename", "language", "Java", "C", "C++", "Markdown", "CSS", "JSON", "HTML", "SQL", "CSV", "Python", "comment", "blank", "total"
"d:\DevelopCode\CPP\algorithm\算法竞赛\.VSCodeCounter\2024-06-20_00-08-48\details.md", "Markdown", 0, 0, 0, 202, 0, 0, 0, 0, 0, 0, 0, 6, 208
"d:\DevelopCode\CPP\algorithm\算法竞赛\.VSCodeCounter\2024-06-20_00-08-48\diff-details.md", "Markdown", 0, 0, 0, 9, 0, 0, 0, 0, 0, 0, 0, 6, 15
"d:\DevelopCode\CPP\algorithm\算法竞赛\.VSCodeCounter\2024-06-20_00-08-48\diff.csv", "CSV", 0, 0, 0, 0, 0, 0, 0, 0, 2, 0, 0, 0, 2
"d:\DevelopCode\CPP\algorithm\算法竞赛\.VSCodeCounter\2024-06-20_00-08-48\diff.md", "Markdown", 0, 0, 0, 12, 0, 0, 0, 0, 0, 0, 0, 7, 19
"d:\DevelopCode\CPP\algorithm\算法竞赛\.VSCodeCounter\2024-06-20_00-08-48\results.csv", "CSV", 0, 0, 0, 0, 0, 0, 0, 0, 195, 0, 0, 0, 195
"d:\DevelopCode\CPP\algorithm\算法竞赛\.VSCodeCounter\2024-06-20_00-08-48\results.json", "JSON", 0, 0, 0, 0, 0, 1, 0, 0, 0, 0, 0, 0, 1
"d:\DevelopCode\CPP\algorithm\算法竞赛\.VSCodeCounter\2024-06-20_00-08-48\results.md", "Markdown", 0, 0, 0, 84, 0, 0, 0, 0, 0, 0, 0, 7, 91
"d:\DevelopCode\CPP\algorithm\算法竞赛\.VSCodeCounter\2024-06-20_14-02-06\details.md", "Markdown", 0, 0, 0, 217, 0, 0, 0, 0, 0, 0, 0, 6, 223
"d:\DevelopCode\CPP\algorithm\算法竞赛\.VSCodeCounter\2024-06-20_14-02-06\diff-details.md", "Markdown", 0, 0, 0, 24, 0, 0, 0, 0, 0, 0, 0, 6, 30
"d:\DevelopCode\CPP\algorithm\算法竞赛\.VSCodeCounter\2024-06-20_14-02-06\diff.csv", "CSV", 0, 0, 0, 0, 0, 0, 0, 0, 17, 0, 0, 0, 17
"d:\DevelopCode\CPP\algorithm\算法竞赛\.VSCodeCounter\2024-06-20_14-02-06\diff.md", "Markdown", 0, 0, 0, 31, 0, 0, 0, 0, 0, 0, 0, 7, 38
"d:\DevelopCode\CPP\algorithm\算法竞赛\.VSCodeCounter\2024-06-20_14-02-06\results.csv", "CSV", 0, 0, 0, 0, 0, 0, 0, 0, 210, 0, 0, 0, 210
"d:\DevelopCode\CPP\algorithm\算法竞赛\.VSCodeCounter\2024-06-20_14-02-06\results.json", "JSON", 0, 0, 0, 0, 0, 1, 0, 0, 0, 0, 0, 0, 1
"d:\DevelopCode\CPP\algorithm\算法竞赛\.VSCodeCounter\2024-06-20_14-02-06\results.md", "Markdown", 0, 0, 0, 100, 0, 0, 0, 0, 0, 0, 0, 7, 107
"d:\DevelopCode\CPP\algorithm\算法竞赛\README.md", "Markdown", 0, 0, 0, 33, 0, 0, 0, 0, 0, 0, 0, 8, 41
"d:\DevelopCode\CPP\algorithm\算法竞赛\图像\名词解释.md", "Markdown", 0, 0, 0, 36, 0, 0, 0, 0, 0, 0, 0, 24, 60
"d:\DevelopCode\CPP\algorithm\算法竞赛\图像\程序题\曲别针数量检测\数量检测.ipynb", "JSON", 0, 0, 0, 0, 0, 119, 0, 0, 0, 0, 0, 1, 120
"d:\DevelopCode\CPP\algorithm\算法竞赛\图像\程序题\曲别针数量检测\数量检测.py", "Python", 0, 0, 0, 0, 0, 0, 0, 0, 0, 16, 8, 3, 27
"d:\DevelopCode\CPP\algorithm\算法竞赛\图像\程序题\瑕疵检测\瑕疵检测.ipynb", "JSON", 0, 0, 0, 0, 0, 101, 0, 0, 0, 0, 0, 1, 102
"d:\DevelopCode\CPP\algorithm\算法竞赛\图像\程序题\瑕疵检测\瑕疵检测.py", "Python", 0, 0, 0, 0, 0, 0, 0, 0, 0, 12, 6, 5, 23
"d:\DevelopCode\CPP\algorithm\算法竞赛\图像\考试要求.md", "Markdown", 0, 0, 0, 6, 0, 0, 0, 0, 0, 0, 0, 1, 7
"d:\DevelopCode\CPP\algorithm\算法竞赛\图像\问答题\问答题.ipynb", "JSON", 0, 0, 0, 0, 0, 166, 0, 0, 0, 0, 0, 1, 167
"d:\DevelopCode\CPP\algorithm\算法竞赛\图像\问答题\问答题1.ipynb", "JSON", 0, 0, 0, 0, 0, 135, 0, 0, 0, 0, 0, 1, 136
"d:\DevelopCode\CPP\algorithm\算法竞赛\大一下\Java\PTA3\7-6 jmu-Java&Python-统计文字中的单词数量并按出现次数排序\Main.java", "Java", 29, 0, 0, 0, 0, 0, 0, 0, 0, 0, 0, 4, 33
"d:\DevelopCode\CPP\algorithm\算法竞赛\大一下\Java\PTA3\7-7 JAVA-求整数序列中出现次数最多的数\Main.java", "Java", 26, 0, 0, 0, 0, 0, 0, 0, 0, 0, 0, 1, 27
"d:\DevelopCode\CPP\algorithm\算法竞赛\大一下\Java\PTA3\7-8 字符串分割拼接\Main.java", "Java", 2, 0, 0, 0, 0, 0, 0, 0, 0, 0, 0, 2, 4
"d:\DevelopCode\CPP\algorithm\算法竞赛\大一下\Java\PTA4\7-2 sdut-Map-Sort--C~K的班级（III）\Main.java", "Java", 61, 0, 0, 0, 0, 0, 0, 0, 0, 0, 0, 9, 70
"d:\DevelopCode\CPP\algorithm\算法竞赛\大一下\Java\PTA4\7-3 jmu-Java-06异常-01-常见异常\Main.java", "Java", 33, 0, 0, 0, 0, 0, 0, 0, 0, 0, 0, 1, 34
"d:\DevelopCode\CPP\algorithm\算法竞赛\大一下\Java\PTA4\7-4 jmu-Java-06异常-02-使用异常机制处理异常输入\Main.java", "Java", 20, 0, 0, 0, 0, 0, 0, 0, 0, 0, 0, 1, 21
"d:\DevelopCode\CPP\algorithm\算法竞赛\大一下\Java\PTA4\7-5 jmu-Java-06异常-03-throw与throws\Main.java", "Java", 41, 0, 0, 0, 0, 0, 0, 0, 0, 0, 0, 2, 43
"d:\DevelopCode\CPP\algorithm\算法竞赛\大一下\Java\PTA4\7-7 sdut-String-2 识蛟龙号载人深潜，立科技报国志（2）（正则表达式）\Main.java", "Java", 21, 0, 0, 0, 0, 0, 0, 0, 0, 0, 0, 1, 22
"d:\DevelopCode\CPP\algorithm\算法竞赛\大一下\Java\PTA4\7-8 sdut-oop-7 答答租车系统（类的继承与多态 面向对象综合练习）\Main.java", "Java", 84, 0, 0, 0, 0, 0, 0, 0, 0, 0, 0, 14, 98
"d:\DevelopCode\CPP\algorithm\算法竞赛\数据库\PTA程序题.sql", "SQL", 0, 0, 0, 0, 0, 0, 0, 138, 0, 0, 18, 17, 173
"d:\DevelopCode\CPP\algorithm\算法竞赛\数据结构\readme.md", "Markdown", 0, 0, 0, 10, 0, 0, 0, 0, 0, 0, 0, 7, 17
"d:\DevelopCode\CPP\algorithm\算法竞赛\数据结构\函数题\6-1 递增的整数序列链表的插入.c", "C", 0, 33, 0, 0, 0, 0, 0, 0, 0, 0, 4, 6, 43
"d:\DevelopCode\CPP\algorithm\算法竞赛\数据结构\函数题\6-2 两个有序链表序列的合并.c", "C", 0, 47, 0, 0, 0, 0, 0, 0, 0, 0, 5, 9, 61
"d:\DevelopCode\CPP\algorithm\算法竞赛\数据结构\函数题\6-5 二分查找.c", "C", 0, 35, 0, 0, 0, 0, 0, 0, 0, 0, 29, 8, 72
"d:\DevelopCode\CPP\algorithm\算法竞赛\数据结构\函数题\6-7 创建哈希表及查找(拉链法)\投机取巧法2行解决.cpp", "C++", 0, 0, 23, 0, 0, 0, 0, 0, 0, 0, 2, 4, 29
"d:\DevelopCode\CPP\algorithm\算法竞赛\数据结构\函数题\6-7 创建哈希表及查找(拉链法)\正常实现.cpp", "C++", 0, 0, 70, 0, 0, 0, 0, 0, 0, 0, 2, 6, 78
"d:\DevelopCode\CPP\algorithm\算法竞赛\数据结构\编程题\7-12 平衡二叉树的根\c++.cpp", "C++", 0, 0, 75, 0, 0, 0, 0, 0, 0, 0, 14, 10, 99
"d:\DevelopCode\CPP\algorithm\算法竞赛\数据结构\编程题\7-12 平衡二叉树的根\c.c", "C", 0, 76, 0, 0, 0, 0, 0, 0, 0, 0, 12, 9, 97
"d:\DevelopCode\CPP\algorithm\算法竞赛\数据结构\编程题\7-13 关于堆的判断\c++.cpp", "C++", 0, 0, 48, 0, 0, 0, 0, 0, 0, 0, 11, 10, 69
"d:\DevelopCode\CPP\algorithm\算法竞赛\数据结构\编程题\7-14 修理牧场\小根堆c++.cpp", "C++", 0, 0, 22, 0, 0, 0, 0, 0, 0, 0, 4, 2, 28
"d:\DevelopCode\CPP\algorithm\算法竞赛\数据结构\编程题\7-15 列出连通集\c++版本.cpp", "C++", 0, 0, 50, 0, 0, 0, 0, 0, 0, 0, 41, 7, 98
"d:\DevelopCode\CPP\algorithm\算法竞赛\数据结构\编程题\7-15 列出连通集\c版本代码量比较少.c", "C", 0, 50, 0, 0, 0, 0, 0, 0, 0, 0, 24, 11, 85
"d:\DevelopCode\CPP\algorithm\算法竞赛\数据结构\编程题\7-15 列出连通集\c版本可读性高一点.c", "C", 0, 74, 0, 0, 0, 0, 0, 0, 0, 0, 9, 14, 97
"d:\DevelopCode\CPP\algorithm\算法竞赛\数据结构\编程题\7-16 公路村村通\c++kruskal算法.cpp", "C++", 0, 0, 33, 0, 0, 0, 0, 0, 0, 0, 15, 12, 60
"d:\DevelopCode\CPP\algorithm\算法竞赛\数据结构\编程题\7-16 公路村村通\c++prime.cpp", "C++", 0, 0, 35, 0, 0, 0, 0, 0, 0, 0, 11, 6, 52
"d:\DevelopCode\CPP\algorithm\算法竞赛\数据结构\编程题\7-16 公路村村通\c_kruskal.c", "C", 0, 35, 0, 0, 0, 0, 0, 0, 0, 0, 15, 13, 63
"d:\DevelopCode\CPP\algorithm\算法竞赛\数据结构\编程题\7-16 公路村村通\c_prime.c", "C", 0, 36, 0, 0, 0, 0, 0, 0, 0, 0, 9, 7, 52
"d:\DevelopCode\CPP\algorithm\算法竞赛\数据结构\编程题\7-16 公路村村通\超级无敌终极版本.cpp", "C++", 0, 0, 15, 0, 0, 0, 0, 0, 0, 0, 0, 0, 15
"d:\DevelopCode\CPP\algorithm\算法竞赛\数据结构\编程题\7-17 直接插入排序\c++.cpp", "C++", 0, 0, 26, 0, 0, 0, 0, 0, 0, 0, 7, 6, 39
"d:\DevelopCode\CPP\algorithm\算法竞赛\数据结构\编程题\7-17 直接插入排序\c++投机取巧版.cpp", "C++", 0, 0, 18, 0, 0, 0, 0, 0, 0, 0, 4, 2, 24
"d:\DevelopCode\CPP\algorithm\算法竞赛\数据结构\编程题\7-17 直接插入排序\c.c", "C", 0, 23, 0, 0, 0, 0, 0, 0, 0, 0, 7, 9, 39
"d:\DevelopCode\CPP\algorithm\算法竞赛\数据结构\编程题\7-2 数组循环左移\c++.cpp", "C++", 0, 0, 11, 0, 0, 0, 0, 0, 0, 0, 0, 3, 14
"d:\DevelopCode\CPP\algorithm\算法竞赛\数据结构\编程题\7-2 数组循环左移\c.c", "C", 0, 14, 0, 0, 0, 0, 0, 0, 0, 0, 0, 6, 20
"d:\DevelopCode\CPP\algorithm\算法竞赛\数据结构\编程题\7-20 点赞狂魔\c++pair实现可读性比结构体实现差点.cpp", "C++", 0, 0, 32, 0, 0, 0, 0, 0, 0, 0, 5, 3, 40
"d:\DevelopCode\CPP\algorithm\算法竞赛\数据结构\编程题\7-20 点赞狂魔\c++结构体.cpp", "C++", 0, 0, 35, 0, 0, 0, 0, 0, 0, 0, 5, 7, 47
"d:\DevelopCode\CPP\algorithm\算法竞赛\数据结构\编程题\7-20 点赞狂魔\c.c", "C", 0, 90, 0, 0, 0, 0, 0, 0, 0, 0, 5, 3, 98
"d:\DevelopCode\CPP\algorithm\算法竞赛\数据结构\编程题\7-21 链式基数排序\用stable__sort直接秒了.cpp", "C++", 0, 0, 19, 0, 0, 0, 0, 0, 0, 0, 4, 6, 29
"d:\DevelopCode\CPP\algorithm\算法竞赛\数据结构\编程题\7-21 链式基数排序\进一步简化版.cpp", "C++", 0, 0, 14, 0, 0, 0, 0, 0, 0, 0, 0, 0, 14
"d:\DevelopCode\CPP\algorithm\算法竞赛\数据结构\编程题\7-22 集合相似度\c++使用set容器优化版.cpp", "C++", 0, 0, 23, 0, 0, 0, 0, 0, 0, 0, 7, 10, 40
"d:\DevelopCode\CPP\algorithm\算法竞赛\数据结构\编程题\7-22 集合相似度\纯享版.cpp", "C++", 0, 0, 22, 0, 0, 0, 0, 0, 0, 0, 0, 1, 23
"d:\DevelopCode\CPP\algorithm\算法竞赛\数据结构\编程题\7-23 悄悄关注\c++用pair实现.cpp", "C++", 0, 0, 35, 0, 0, 0, 0, 0, 0, 0, 1, 10, 46
"d:\DevelopCode\CPP\algorithm\算法竞赛\数据结构\编程题\7-23 悄悄关注\c++结构体实现.cpp", "C++", 0, 0, 37, 0, 0, 0, 0, 0, 0, 0, 2, 10, 49
"d:\DevelopCode\CPP\algorithm\算法竞赛\数据结构\编程题\7-4 列车调度\c++STL库直接秒啦.cpp", "C++", 0, 0, 15, 0, 0, 0, 0, 0, 0, 0, 1, 4, 20
"d:\DevelopCode\CPP\algorithm\算法竞赛\数据结构\编程题\7-4 列车调度\c++不用STL.cpp", "C++", 0, 0, 28, 0, 0, 0, 0, 0, 0, 0, 2, 3, 33
"d:\DevelopCode\CPP\algorithm\算法竞赛\数据结构\编程题\7-4 列车调度\c.c", "C", 0, 29, 0, 0, 0, 0, 0, 0, 0, 0, 2, 9, 40
"d:\DevelopCode\CPP\algorithm\算法竞赛\数据结构\编程题\7-5 还原二叉树\c++超级简单版.cpp", "C++", 0, 0, 19, 0, 0, 0, 0, 0, 0, 0, 7, 7, 33
"d:\DevelopCode\CPP\algorithm\算法竞赛\数据结构\编程题\7-5 还原二叉树\c和c++一样.c", "C", 0, 21, 0, 0, 0, 0, 0, 0, 0, 0, 7, 9, 37
"d:\DevelopCode\CPP\algorithm\算法竞赛\数据结构\编程题\7-7 完全二叉树的层序遍历\c++.cpp", "C++", 0, 0, 20, 0, 0, 0, 0, 0, 0, 0, 3, 5, 28
"d:\DevelopCode\CPP\algorithm\算法竞赛\数据结构\编程题\7-7 完全二叉树的层序遍历\c.c", "C", 0, 21, 0, 0, 0, 0, 0, 0, 0, 0, 2, 8, 31
"d:\DevelopCode\CPP\algorithm\算法竞赛\数据结构\编程题\7-8 列出叶结点\c++.cpp", "C++", 0, 0, 38, 0, 0, 0, 0, 0, 0, 0, 11, 12, 61
"d:\DevelopCode\CPP\algorithm\算法竞赛\数据结构\编程题\7-8 列出叶结点\c.c", "C", 0, 40, 0, 0, 0, 0, 0, 0, 0, 0, 9, 9, 58
"d:\DevelopCode\CPP\algorithm\算法竞赛\算法竞赛\README.md", "Markdown", 0, 0, 0, 52, 0, 0, 0, 0, 0, 0, 0, 10, 62
"d:\DevelopCode\CPP\algorithm\算法竞赛\算法竞赛\程序填空题和函数题\几何问题\几何问题\判断是否相交.cpp", "C++", 0, 0, 25, 0, 0, 0, 0, 0, 0, 0, 1, 5, 31
"d:\DevelopCode\CPP\algorithm\算法竞赛\算法竞赛\程序填空题和函数题\几何问题\几何问题\题目.md", "Markdown", 0, 0, 0, 2, 0, 0, 0, 0, 0, 0, 0, 0, 2
"d:\DevelopCode\CPP\algorithm\算法竞赛\算法竞赛\程序填空题和函数题\区间问题\RMQ问题\RMQ问题.cpp", "C++", 0, 0, 29, 0, 0, 0, 0, 0, 0, 0, 2, 7, 38
"d:\DevelopCode\CPP\algorithm\算法竞赛\算法竞赛\程序填空题和函数题\区间问题\树状数组\树状数组区间修改单点查询.cpp", "C++", 0, 0, 39, 0, 0, 0, 0, 0, 0, 0, 0, 6, 45
"d:\DevelopCode\CPP\algorithm\算法竞赛\算法竞赛\程序填空题和函数题\区间问题\树状数组\树状数组单点修改区间查询.cpp", "C++", 0, 0, 37, 0, 0, 0, 0, 0, 0, 0, 0, 7, 44
"d:\DevelopCode\CPP\algorithm\算法竞赛\算法竞赛\程序填空题和函数题\区间问题\树状数组\题目.md", "Markdown", 0, 0, 0, 4, 0, 0, 0, 0, 0, 0, 0, 1, 5
"d:\DevelopCode\CPP\algorithm\算法竞赛\算法竞赛\程序填空题和函数题\算法和数学计数\动态规划\01背包一维空间优化写法.cpp", "C++", 0, 0, 14, 0, 0, 0, 0, 0, 0, 0, 1, 4, 19
"d:\DevelopCode\CPP\algorithm\算法竞赛\算法竞赛\程序填空题和函数题\算法和数学计数\动态规划\01背包二维朴素写法.cpp", "C++", 0, 0, 16, 0, 0, 0, 0, 0, 0, 0, 1, 6, 23
"d:\DevelopCode\CPP\algorithm\算法竞赛\算法竞赛\程序填空题和函数题\算法和数学计数\动态规划\动态规划注意点.md", "Markdown", 0, 0, 0, 1, 0, 0, 0, 0, 0, 0, 0, 0, 1
"d:\DevelopCode\CPP\algorithm\算法竞赛\算法竞赛\程序填空题和函数题\算法和数学计数\动态规划\数字三角形.cpp", "C++", 0, 0, 14, 0, 0, 0, 0, 0, 0, 0, 2, 5, 21
"d:\DevelopCode\CPP\algorithm\算法竞赛\算法竞赛\程序填空题和函数题\算法和数学计数\动态规划\最长上升子序列.cpp", "C++", 0, 0, 15, 0, 0, 0, 0, 0, 0, 0, 1, 3, 19
"d:\DevelopCode\CPP\algorithm\算法竞赛\算法竞赛\程序填空题和函数题\算法和数学计数\动态规划\最长公共子序列.cpp", "C++", 0, 0, 13, 0, 0, 0, 0, 0, 0, 0, 1, 5, 19
"d:\DevelopCode\CPP\algorithm\算法竞赛\算法竞赛\编程题\L1-006 连续因子\代码.cpp", "C++", 0, 0, 35, 0, 0, 0, 0, 0, 0, 0, 6, 4, 45
"d:\DevelopCode\CPP\algorithm\算法竞赛\算法竞赛\编程题\L1-006 连续因子\整活.cpp", "C++", 0, 0, 6, 0, 0, 0, 0, 0, 0, 0, 0, 0, 6
"d:\DevelopCode\CPP\algorithm\算法竞赛\算法竞赛\编程题\L1-006 连续因子\纯享版.cpp", "C++", 0, 0, 14, 0, 0, 0, 0, 0, 0, 0, 0, 0, 14
"d:\DevelopCode\CPP\algorithm\算法竞赛\算法竞赛\编程题\L1-009 N个数求和\代码.cpp", "C++", 0, 0, 27, 0, 0, 0, 0, 0, 0, 0, 1, 4, 32
"d:\DevelopCode\CPP\algorithm\算法竞赛\算法竞赛\编程题\L1-009 N个数求和\整活.cpp", "C++", 0, 0, 7, 0, 0, 0, 0, 0, 0, 0, 0, 1, 8
"d:\DevelopCode\CPP\algorithm\算法竞赛\算法竞赛\编程题\L1-009 N个数求和\纯享版.cpp", "C++", 0, 0, 17, 0, 0, 0, 0, 0, 0, 0, 0, 4, 21
"d:\DevelopCode\CPP\algorithm\算法竞赛\算法竞赛\编程题\L2-003 月饼\代码.cpp", "C++", 0, 0, 30, 0, 0, 0, 0, 0, 0, 0, 0, 4, 34
"d:\DevelopCode\CPP\algorithm\算法竞赛\算法竞赛\编程题\L2-003 月饼\整活.cpp", "C++", 0, 0, 29, 0, 0, 0, 0, 0, 0, 0, 0, 2, 31
"d:\DevelopCode\CPP\algorithm\算法竞赛\算法竞赛\编程题\L2-004 这是二叉搜索树吗？\代码.cpp", "C++", 0, 0, 35, 0, 0, 0, 0, 0, 0, 0, 0, 4, 39
"d:\DevelopCode\CPP\algorithm\算法竞赛\算法竞赛\编程题\L2-006 树的遍历\代码.cpp", "C++", 0, 0, 26, 0, 0, 0, 0, 0, 0, 0, 1, 6, 33
"d:\DevelopCode\CPP\algorithm\算法竞赛\算法竞赛\编程题\L2-006 树的遍历\整活.cpp", "C++", 0, 0, 8, 0, 0, 0, 0, 0, 0, 0, 0, 0, 8
"d:\DevelopCode\CPP\algorithm\算法竞赛\算法竞赛\编程题\L2-007 家庭房产\代码.cpp", "C++", 0, 0, 56, 0, 0, 0, 0, 0, 0, 0, 0, 2, 58
"d:\DevelopCode\CPP\algorithm\算法竞赛\算法竞赛\编程题\L2-007 家庭房产\简化版.cpp", "C++", 0, 0, 41, 0, 0, 0, 0, 0, 0, 0, 0, 0, 41
"d:\DevelopCode\CPP\algorithm\算法竞赛\算法竞赛\编程题\L2-022 重排链表\代码.cpp", "C++", 0, 0, 38, 0, 0, 0, 0, 0, 0, 0, 0, 3, 41
"d:\DevelopCode\CPP\algorithm\算法竞赛\算法竞赛\编程题\L2-026 小字辈\代码.cpp", "C++", 0, 0, 29, 0, 0, 0, 0, 0, 0, 0, 0, 7, 36
"d:\DevelopCode\CPP\algorithm\算法竞赛\算法竞赛\编程题\L2-026 小字辈\整活.cpp", "C++", 0, 0, 7, 0, 0, 0, 0, 0, 0, 0, 0, 0, 7
"d:\DevelopCode\CPP\algorithm\算法竞赛\算法竞赛\编程题\L4-118 均是素数\不提前刷选素数代码.cpp", "C++", 0, 0, 33, 0, 0, 0, 0, 0, 0, 0, 0, 5, 38
"d:\DevelopCode\CPP\algorithm\算法竞赛\算法竞赛\编程题\L4-118 均是素数\整活.cpp", "C++", 0, 0, 9, 0, 0, 0, 0, 0, 0, 0, 0, 0, 9
"d:\DevelopCode\CPP\algorithm\算法竞赛\算法竞赛\编程题\L4-118 均是素数\朴素筛代码.cpp", "C++", 0, 0, 36, 0, 0, 0, 0, 0, 0, 0, 2, 5, 43
"d:\DevelopCode\CPP\algorithm\算法竞赛\算法竞赛\编程题\L4-118 均是素数\线性筛代码.cpp", "C++", 0, 0, 39, 0, 0, 0, 0, 0, 0, 0, 0, 6, 45
"d:\DevelopCode\CPP\algorithm\算法竞赛\算法竞赛\编程题\L4-201 出栈序列的合法性\代码.cpp", "C++", 0, 0, 31, 0, 0, 0, 0, 0, 0, 0, 9, 8, 48
"d:\DevelopCode\CPP\algorithm\算法竞赛\算法竞赛\编程题\L4-201 出栈序列的合法性\整活.cpp", "C++", 0, 0, 6, 0, 0, 0, 0, 0, 0, 0, 0, 0, 6
"d:\DevelopCode\CPP\algorithm\算法竞赛\算法竞赛\编程题\L4-201 出栈序列的合法性\纯享版.cpp", "C++", 0, 0, 20, 0, 0, 0, 0, 0, 0, 0, 0, 4, 24
"d:\DevelopCode\CPP\algorithm\算法竞赛\算法竞赛\编程题\L4-203 三足鼎立\代码.cpp", "C++", 0, 0, 17, 0, 0, 0, 0, 0, 0, 0, 5, 9, 31
"d:\DevelopCode\CPP\algorithm\算法竞赛\算法竞赛\编程题\L4-203 三足鼎立\整活.cpp", "C++", 0, 0, 7, 0, 0, 0, 0, 0, 0, 0, 0, 0, 7
"d:\DevelopCode\CPP\algorithm\算法竞赛\算法竞赛\编程题\L4-203 三足鼎立\纯享版.cpp", "C++", 0, 0, 12, 0, 0, 0, 0, 0, 0, 0, 0, 4, 16
"d:\DevelopCode\CPP\algorithm\算法竞赛\算法竞赛\编程题\L4-205 浪漫侧影\L4-205 浪漫侧影.cpp", "C++", 0, 0, 41, 0, 0, 0, 0, 0, 0, 0, 11, 6, 58
"d:\DevelopCode\CPP\algorithm\算法竞赛\算法竞赛\编程题\L4-205 浪漫侧影\整活版.cpp", "C++", 0, 0, 40, 0, 0, 0, 0, 0, 0, 0, 0, 3, 43
"d:\DevelopCode\CPP\algorithm\算法竞赛\算法竞赛\编程题\L4-205 浪漫侧影\纯享版.cpp", "C++", 0, 0, 41, 0, 0, 0, 0, 0, 0, 0, 0, 3, 44
"d:\DevelopCode\CPP\algorithm\算法竞赛\计算机组成原理\学习通答案.md", "Markdown", 0, 0, 0, 33, 0, 0, 0, 0, 0, 0, 0, 6, 39
"d:\DevelopCode\CPP\algorithm\算法竞赛\计算机组成原理\计组网页解析\computer1.html", "HTML", 0, 0, 0, 0, 0, 0, 948, 0, 0, 0, 1, 191, 1140
"d:\DevelopCode\CPP\algorithm\算法竞赛\计算机组成原理\计组网页解析\computer1_files\animationQuestion.css", "CSS", 0, 0, 0, 0, 294, 0, 0, 0, 0, 0, 2, 42, 338
"d:\DevelopCode\CPP\algorithm\算法竞赛\计算机组成原理\计组网页解析\computer1_files\common.css", "CSS", 0, 0, 0, 0, 240, 0, 0, 0, 0, 0, 25, 45, 310
"d:\DevelopCode\CPP\algorithm\算法竞赛\计算机组成原理\计组网页解析\computer1_files\default.min.css", "CSS", 0, 0, 0, 0, 1, 0, 0, 0, 0, 0, 8, 0, 9
"d:\DevelopCode\CPP\algorithm\算法竞赛\计算机组成原理\计组网页解析\computer1_files\font.css", "CSS", 0, 0, 0, 0, 13, 0, 0, 0, 0, 0, 1, 1, 15
"d:\DevelopCode\CPP\algorithm\算法竞赛\计算机组成原理\计组网页解析\computer1_files\marking_icon.css", "CSS", 0, 0, 0, 0, 34, 0, 0, 0, 0, 0, 2, 4, 40
"d:\DevelopCode\CPP\algorithm\算法竞赛\计算机组成原理\计组网页解析\computer1_files\newEditor.css", "CSS", 0, 0, 0, 0, 6, 0, 0, 0, 0, 0, 1, 1, 8
"d:\DevelopCode\CPP\algorithm\算法竞赛\计算机组成原理\计组网页解析\computer1_files\oralTest.css", "CSS", 0, 0, 0, 0, 48, 0, 0, 0, 0, 0, 0, 5, 53
"d:\DevelopCode\CPP\algorithm\算法竞赛\计算机组成原理\计组网页解析\computer1_files\pop.css", "CSS", 0, 0, 0, 0, 101, 0, 0, 0, 0, 0, 3, 10, 114
"d:\DevelopCode\CPP\algorithm\算法竞赛\计算机组成原理\计组网页解析\computer1_files\prompt.css", "CSS", 0, 0, 0, 0, 17, 0, 0, 0, 0, 0, 2, 2, 21
"d:\DevelopCode\CPP\algorithm\算法竞赛\计算机组成原理\计组网页解析\computer1_files\questionBankUsual.css", "CSS", 0, 0, 0, 0, 8, 0, 0, 0, 0, 0, 0, 1, 9
"d:\DevelopCode\CPP\algorithm\算法竞赛\计算机组成原理\计组网页解析\computer1_files\taskStudent_pop.css", "CSS", 0, 0, 0, 0, 37, 0, 0, 0, 0, 0, 1, 21, 59
"d:\DevelopCode\CPP\algorithm\算法竞赛\计算机组成原理\计组网页解析\computer1_files\viewStudent.css", "CSS", 0, 0, 0, 0, 311, 0, 0, 0, 0, 0, 20, 37, 368
"d:\DevelopCode\CPP\algorithm\算法竞赛\计算机组成原理\计组网页解析\computer1_files\viewer.min.css", "CSS", 0, 0, 0, 0, 56, 0, 0, 0, 0, 0, 9, 26, 91
"d:\DevelopCode\CPP\algorithm\算法竞赛\计算机组成原理\计组网页解析\computer3.html", "HTML", 0, 0, 0, 0, 0, 0, 1234, 0, 0, 0, 1, 268, 1503
"d:\DevelopCode\CPP\algorithm\算法竞赛\计算机组成原理\计组网页解析\computer3_files\animationQuestion.css", "CSS", 0, 0, 0, 0, 294, 0, 0, 0, 0, 0, 2, 42, 338
"d:\DevelopCode\CPP\algorithm\算法竞赛\计算机组成原理\计组网页解析\computer3_files\common.css", "CSS", 0, 0, 0, 0, 240, 0, 0, 0, 0, 0, 25, 45, 310
"d:\DevelopCode\CPP\algorithm\算法竞赛\计算机组成原理\计组网页解析\computer3_files\default.min.css", "CSS", 0, 0, 0, 0, 1, 0, 0, 0, 0, 0, 8, 0, 9
"d:\DevelopCode\CPP\algorithm\算法竞赛\计算机组成原理\计组网页解析\computer3_files\font.css", "CSS", 0, 0, 0, 0, 13, 0, 0, 0, 0, 0, 1, 1, 15
"d:\DevelopCode\CPP\algorithm\算法竞赛\计算机组成原理\计组网页解析\computer3_files\marking_icon.css", "CSS", 0, 0, 0, 0, 34, 0, 0, 0, 0, 0, 2, 4, 40
"d:\DevelopCode\CPP\algorithm\算法竞赛\计算机组成原理\计组网页解析\computer3_files\newEditor.css", "CSS", 0, 0, 0, 0, 6, 0, 0, 0, 0, 0, 1, 1, 8
"d:\DevelopCode\CPP\algorithm\算法竞赛\计算机组成原理\计组网页解析\computer3_files\oralTest.css", "CSS", 0, 0, 0, 0, 48, 0, 0, 0, 0, 0, 0, 5, 53
"d:\DevelopCode\CPP\algorithm\算法竞赛\计算机组成原理\计组网页解析\computer3_files\pop.css", "CSS", 0, 0, 0, 0, 101, 0, 0, 0, 0, 0, 3, 10, 114
"d:\DevelopCode\CPP\algorithm\算法竞赛\计算机组成原理\计组网页解析\computer3_files\prompt.css", "CSS", 0, 0, 0, 0, 17, 0, 0, 0, 0, 0, 2, 2, 21
"d:\DevelopCode\CPP\algorithm\算法竞赛\计算机组成原理\计组网页解析\computer3_files\questionBankUsual.css", "CSS", 0, 0, 0, 0, 8, 0, 0, 0, 0, 0, 0, 1, 9
"d:\DevelopCode\CPP\algorithm\算法竞赛\计算机组成原理\计组网页解析\computer3_files\taskStudent_pop.css", "CSS", 0, 0, 0, 0, 37, 0, 0, 0, 0, 0, 1, 21, 59
"d:\DevelopCode\CPP\algorithm\算法竞赛\计算机组成原理\计组网页解析\computer3_files\viewStudent.css", "CSS", 0, 0, 0, 0, 311, 0, 0, 0, 0, 0, 20, 37, 368
"d:\DevelopCode\CPP\algorithm\算法竞赛\计算机组成原理\计组网页解析\computer3_files\viewer.min.css", "CSS", 0, 0, 0, 0, 56, 0, 0, 0, 0, 0, 9, 26, 91
"d:\DevelopCode\CPP\algorithm\算法竞赛\计算机组成原理\计组网页解析\computer4.html", "HTML", 0, 0, 0, 0, 0, 0, 1342, 0, 0, 0, 1, 296, 1639
"d:\DevelopCode\CPP\algorithm\算法竞赛\计算机组成原理\计组网页解析\computer4_files\animationQuestion.css", "CSS", 0, 0, 0, 0, 294, 0, 0, 0, 0, 0, 2, 42, 338
"d:\DevelopCode\CPP\algorithm\算法竞赛\计算机组成原理\计组网页解析\computer4_files\common.css", "CSS", 0, 0, 0, 0, 240, 0, 0, 0, 0, 0, 25, 45, 310
"d:\DevelopCode\CPP\algorithm\算法竞赛\计算机组成原理\计组网页解析\computer4_files\default.min.css", "CSS", 0, 0, 0, 0, 1, 0, 0, 0, 0, 0, 8, 0, 9
"d:\DevelopCode\CPP\algorithm\算法竞赛\计算机组成原理\计组网页解析\computer4_files\font.css", "CSS", 0, 0, 0, 0, 13, 0, 0, 0, 0, 0, 1, 1, 15
"d:\DevelopCode\CPP\algorithm\算法竞赛\计算机组成原理\计组网页解析\computer4_files\marking_icon.css", "CSS", 0, 0, 0, 0, 34, 0, 0, 0, 0, 0, 2, 4, 40
"d:\DevelopCode\CPP\algorithm\算法竞赛\计算机组成原理\计组网页解析\computer4_files\newEditor.css", "CSS", 0, 0, 0, 0, 6, 0, 0, 0, 0, 0, 1, 1, 8
"d:\DevelopCode\CPP\algorithm\算法竞赛\计算机组成原理\计组网页解析\computer4_files\oralTest.css", "CSS", 0, 0, 0, 0, 48, 0, 0, 0, 0, 0, 0, 5, 53
"d:\DevelopCode\CPP\algorithm\算法竞赛\计算机组成原理\计组网页解析\computer4_files\pop.css", "CSS", 0, 0, 0, 0, 101, 0, 0, 0, 0, 0, 3, 10, 114
"d:\DevelopCode\CPP\algorithm\算法竞赛\计算机组成原理\计组网页解析\computer4_files\prompt.css", "CSS", 0, 0, 0, 0, 17, 0, 0, 0, 0, 0, 2, 2, 21
"d:\DevelopCode\CPP\algorithm\算法竞赛\计算机组成原理\计组网页解析\computer4_files\questionBankUsual.css", "CSS", 0, 0, 0, 0, 8, 0, 0, 0, 0, 0, 0, 1, 9
"d:\DevelopCode\CPP\algorithm\算法竞赛\计算机组成原理\计组网页解析\computer4_files\taskStudent_pop.css", "CSS", 0, 0, 0, 0, 37, 0, 0, 0, 0, 0, 1, 21, 59
"d:\DevelopCode\CPP\algorithm\算法竞赛\计算机组成原理\计组网页解析\computer4_files\viewStudent.css", "CSS", 0, 0, 0, 0, 311, 0, 0, 0, 0, 0, 20, 37, 368
"d:\DevelopCode\CPP\algorithm\算法竞赛\计算机组成原理\计组网页解析\computer4_files\viewer.min.css", "CSS", 0, 0, 0, 0, 56, 0, 0, 0, 0, 0, 9, 26, 91
"d:\DevelopCode\CPP\algorithm\算法竞赛\计算机组成原理\计组网页解析\computer5.html", "HTML", 0, 0, 0, 0, 0, 0, 1477, 0, 0, 0, 1, 331, 1809
"d:\DevelopCode\CPP\algorithm\算法竞赛\计算机组成原理\计组网页解析\computer5_files\animationQuestion.css", "CSS", 0, 0, 0, 0, 294, 0, 0, 0, 0, 0, 2, 42, 338
"d:\DevelopCode\CPP\algorithm\算法竞赛\计算机组成原理\计组网页解析\computer5_files\common.css", "CSS", 0, 0, 0, 0, 240, 0, 0, 0, 0, 0, 25, 45, 310
"d:\DevelopCode\CPP\algorithm\算法竞赛\计算机组成原理\计组网页解析\computer5_files\default.min.css", "CSS", 0, 0, 0, 0, 1, 0, 0, 0, 0, 0, 8, 0, 9
"d:\DevelopCode\CPP\algorithm\算法竞赛\计算机组成原理\计组网页解析\computer5_files\font.css", "CSS", 0, 0, 0, 0, 13, 0, 0, 0, 0, 0, 1, 1, 15
"d:\DevelopCode\CPP\algorithm\算法竞赛\计算机组成原理\计组网页解析\computer5_files\marking_icon.css", "CSS", 0, 0, 0, 0, 34, 0, 0, 0, 0, 0, 2, 4, 40
"d:\DevelopCode\CPP\algorithm\算法竞赛\计算机组成原理\计组网页解析\computer5_files\newEditor.css", "CSS", 0, 0, 0, 0, 6, 0, 0, 0, 0, 0, 1, 1, 8
"d:\DevelopCode\CPP\algorithm\算法竞赛\计算机组成原理\计组网页解析\computer5_files\oralTest.css", "CSS", 0, 0, 0, 0, 48, 0, 0, 0, 0, 0, 0, 5, 53
"d:\DevelopCode\CPP\algorithm\算法竞赛\计算机组成原理\计组网页解析\computer5_files\pop.css", "CSS", 0, 0, 0, 0, 101, 0, 0, 0, 0, 0, 3, 10, 114
"d:\DevelopCode\CPP\algorithm\算法竞赛\计算机组成原理\计组网页解析\computer5_files\prompt.css", "CSS", 0, 0, 0, 0, 17, 0, 0, 0, 0, 0, 2, 2, 21
"d:\DevelopCode\CPP\algorithm\算法竞赛\计算机组成原理\计组网页解析\computer5_files\questionBankUsual.css", "CSS", 0, 0, 0, 0, 8, 0, 0, 0, 0, 0, 0, 1, 9
"d:\DevelopCode\CPP\algorithm\算法竞赛\计算机组成原理\计组网页解析\computer5_files\taskStudent_pop.css", "CSS", 0, 0, 0, 0, 37, 0, 0, 0, 0, 0, 1, 21, 59
"d:\DevelopCode\CPP\algorithm\算法竞赛\计算机组成原理\计组网页解析\computer5_files\viewStudent.css", "CSS", 0, 0, 0, 0, 311, 0, 0, 0, 0, 0, 20, 37, 368
"d:\DevelopCode\CPP\algorithm\算法竞赛\计算机组成原理\计组网页解析\computer5_files\viewer.min.css", "CSS", 0, 0, 0, 0, 56, 0, 0, 0, 0, 0, 9, 26, 91
"d:\DevelopCode\CPP\algorithm\算法竞赛\计算机组成原理\计组网页解析\computer6.html", "HTML", 0, 0, 0, 0, 0, 0, 1959, 0, 0, 0, 1, 422, 2382
"d:\DevelopCode\CPP\algorithm\算法竞赛\计算机组成原理\计组网页解析\computer6_files\animationQuestion.css", "CSS", 0, 0, 0, 0, 294, 0, 0, 0, 0, 0, 2, 42, 338
"d:\DevelopCode\CPP\algorithm\算法竞赛\计算机组成原理\计组网页解析\computer6_files\common.css", "CSS", 0, 0, 0, 0, 240, 0, 0, 0, 0, 0, 25, 45, 310
"d:\DevelopCode\CPP\algorithm\算法竞赛\计算机组成原理\计组网页解析\computer6_files\default.min.css", "CSS", 0, 0, 0, 0, 1, 0, 0, 0, 0, 0, 8, 0, 9
"d:\DevelopCode\CPP\algorithm\算法竞赛\计算机组成原理\计组网页解析\computer6_files\font.css", "CSS", 0, 0, 0, 0, 13, 0, 0, 0, 0, 0, 1, 1, 15
"d:\DevelopCode\CPP\algorithm\算法竞赛\计算机组成原理\计组网页解析\computer6_files\marking_icon.css", "CSS", 0, 0, 0, 0, 34, 0, 0, 0, 0, 0, 2, 4, 40
"d:\DevelopCode\CPP\algorithm\算法竞赛\计算机组成原理\计组网页解析\computer6_files\newEditor.css", "CSS", 0, 0, 0, 0, 6, 0, 0, 0, 0, 0, 1, 1, 8
"d:\DevelopCode\CPP\algorithm\算法竞赛\计算机组成原理\计组网页解析\computer6_files\oralTest.css", "CSS", 0, 0, 0, 0, 48, 0, 0, 0, 0, 0, 0, 5, 53
"d:\DevelopCode\CPP\algorithm\算法竞赛\计算机组成原理\计组网页解析\computer6_files\pop.css", "CSS", 0, 0, 0, 0, 101, 0, 0, 0, 0, 0, 3, 10, 114
"d:\DevelopCode\CPP\algorithm\算法竞赛\计算机组成原理\计组网页解析\computer6_files\prompt.css", "CSS", 0, 0, 0, 0, 17, 0, 0, 0, 0, 0, 2, 2, 21
"d:\DevelopCode\CPP\algorithm\算法竞赛\计算机组成原理\计组网页解析\computer6_files\questionBankUsual.css", "CSS", 0, 0, 0, 0, 8, 0, 0, 0, 0, 0, 0, 1, 9
"d:\DevelopCode\CPP\algorithm\算法竞赛\计算机组成原理\计组网页解析\computer6_files\taskStudent_pop.css", "CSS", 0, 0, 0, 0, 37, 0, 0, 0, 0, 0, 1, 21, 59
"d:\DevelopCode\CPP\algorithm\算法竞赛\计算机组成原理\计组网页解析\computer6_files\viewStudent.css", "CSS", 0, 0, 0, 0, 311, 0, 0, 0, 0, 0, 20, 37, 368
"d:\DevelopCode\CPP\algorithm\算法竞赛\计算机组成原理\计组网页解析\computer6_files\viewer.min.css", "CSS", 0, 0, 0, 0, 56, 0, 0, 0, 0, 0, 9, 26, 91
"d:\DevelopCode\CPP\algorithm\算法竞赛\计算机组成原理\计组网页解析\computer7.html", "HTML", 0, 0, 0, 0, 0, 0, 1288, 0, 0, 0, 1, 275, 1564
"d:\DevelopCode\CPP\algorithm\算法竞赛\计算机组成原理\计组网页解析\computer7_files\animationQuestion.css", "CSS", 0, 0, 0, 0, 294, 0, 0, 0, 0, 0, 2, 42, 338
"d:\DevelopCode\CPP\algorithm\算法竞赛\计算机组成原理\计组网页解析\computer7_files\common.css", "CSS", 0, 0, 0, 0, 240, 0, 0, 0, 0, 0, 25, 45, 310
"d:\DevelopCode\CPP\algorithm\算法竞赛\计算机组成原理\计组网页解析\computer7_files\default.min.css", "CSS", 0, 0, 0, 0, 1, 0, 0, 0, 0, 0, 8, 0, 9
"d:\DevelopCode\CPP\algorithm\算法竞赛\计算机组成原理\计组网页解析\computer7_files\font.css", "CSS", 0, 0, 0, 0, 13, 0, 0, 0, 0, 0, 1, 1, 15
"d:\DevelopCode\CPP\algorithm\算法竞赛\计算机组成原理\计组网页解析\computer7_files\marking_icon.css", "CSS", 0, 0, 0, 0, 34, 0, 0, 0, 0, 0, 2, 4, 40
"d:\DevelopCode\CPP\algorithm\算法竞赛\计算机组成原理\计组网页解析\computer7_files\newEditor.css", "CSS", 0, 0, 0, 0, 6, 0, 0, 0, 0, 0, 1, 1, 8
"d:\DevelopCode\CPP\algorithm\算法竞赛\计算机组成原理\计组网页解析\computer7_files\oralTest.css", "CSS", 0, 0, 0, 0, 48, 0, 0, 0, 0, 0, 0, 5, 53
"d:\DevelopCode\CPP\algorithm\算法竞赛\计算机组成原理\计组网页解析\computer7_files\pop.css", "CSS", 0, 0, 0, 0, 101, 0, 0, 0, 0, 0, 3, 10, 114
"d:\DevelopCode\CPP\algorithm\算法竞赛\计算机组成原理\计组网页解析\computer7_files\prompt.css", "CSS", 0, 0, 0, 0, 17, 0, 0, 0, 0, 0, 2, 2, 21
"d:\DevelopCode\CPP\algorithm\算法竞赛\计算机组成原理\计组网页解析\computer7_files\questionBankUsual.css", "CSS", 0, 0, 0, 0, 8, 0, 0, 0, 0, 0, 0, 1, 9
"d:\DevelopCode\CPP\algorithm\算法竞赛\计算机组成原理\计组网页解析\computer7_files\taskStudent_pop.css", "CSS", 0, 0, 0, 0, 37, 0, 0, 0, 0, 0, 1, 21, 59
"d:\DevelopCode\CPP\algorithm\算法竞赛\计算机组成原理\计组网页解析\computer7_files\viewStudent.css", "CSS", 0, 0, 0, 0, 311, 0, 0, 0, 0, 0, 20, 37, 368
"d:\DevelopCode\CPP\algorithm\算法竞赛\计算机组成原理\计组网页解析\computer7_files\viewer.min.css", "CSS", 0, 0, 0, 0, 56, 0, 0, 0, 0, 0, 9, 26, 91
"d:\DevelopCode\CPP\algorithm\算法竞赛\计算机组成原理\计组网页解析\computer8.html", "HTML", 0, 0, 0, 0, 0, 0, 1461, 0, 0, 0, 1, 324, 1786
"d:\DevelopCode\CPP\algorithm\算法竞赛\计算机组成原理\计组网页解析\computer8_files\animationQuestion.css", "CSS", 0, 0, 0, 0, 294, 0, 0, 0, 0, 0, 2, 42, 338
"d:\DevelopCode\CPP\algorithm\算法竞赛\计算机组成原理\计组网页解析\computer8_files\common.css", "CSS", 0, 0, 0, 0, 240, 0, 0, 0, 0, 0, 25, 45, 310
"d:\DevelopCode\CPP\algorithm\算法竞赛\计算机组成原理\计组网页解析\computer8_files\default.min.css", "CSS", 0, 0, 0, 0, 1, 0, 0, 0, 0, 0, 8, 0, 9
"d:\DevelopCode\CPP\algorithm\算法竞赛\计算机组成原理\计组网页解析\computer8_files\font.css", "CSS", 0, 0, 0, 0, 13, 0, 0, 0, 0, 0, 1, 1, 15
"d:\DevelopCode\CPP\algorithm\算法竞赛\计算机组成原理\计组网页解析\computer8_files\marking_icon.css", "CSS", 0, 0, 0, 0, 34, 0, 0, 0, 0, 0, 2, 4, 40
"d:\DevelopCode\CPP\algorithm\算法竞赛\计算机组成原理\计组网页解析\computer8_files\newEditor.css", "CSS", 0, 0, 0, 0, 6, 0, 0, 0, 0, 0, 1, 1, 8
"d:\DevelopCode\CPP\algorithm\算法竞赛\计算机组成原理\计组网页解析\computer8_files\oralTest.css", "CSS", 0, 0, 0, 0, 48, 0, 0, 0, 0, 0, 0, 5, 53
"d:\DevelopCode\CPP\algorithm\算法竞赛\计算机组成原理\计组网页解析\computer8_files\pop.css", "CSS", 0, 0, 0, 0, 101, 0, 0, 0, 0, 0, 3, 10, 114
"d:\DevelopCode\CPP\algorithm\算法竞赛\计算机组成原理\计组网页解析\computer8_files\prompt.css", "CSS", 0, 0, 0, 0, 17, 0, 0, 0, 0, 0, 2, 2, 21
"d:\DevelopCode\CPP\algorithm\算法竞赛\计算机组成原理\计组网页解析\computer8_files\questionBankUsual.css", "CSS", 0, 0, 0, 0, 8, 0, 0, 0, 0, 0, 0, 1, 9
"d:\DevelopCode\CPP\algorithm\算法竞赛\计算机组成原理\计组网页解析\computer8_files\taskStudent_pop.css", "CSS", 0, 0, 0, 0, 37, 0, 0, 0, 0, 0, 1, 21, 59
"d:\DevelopCode\CPP\algorithm\算法竞赛\计算机组成原理\计组网页解析\computer8_files\viewStudent.css", "CSS", 0, 0, 0, 0, 311, 0, 0, 0, 0, 0, 20, 37, 368
"d:\DevelopCode\CPP\algorithm\算法竞赛\计算机组成原理\计组网页解析\computer8_files\viewer.min.css", "CSS", 0, 0, 0, 0, 56, 0, 0, 0, 0, 0, 9, 26, 91
"d:\DevelopCode\CPP\algorithm\算法竞赛\计算机组成原理\计组网页解析\script1.ipynb", "JSON", 0, 0, 0, 0, 0, 103, 0, 0, 0, 0, 0, 1, 104
"Total", "-", 317, 624, 1702, 856, 8162, 626, 9709, 138, 424, 28, 899, 4064, 27549